size,state,algorithm,mean_ms
1000,random,insertion,0.141400
1000,random,merge,0.049600
1000,random,heap,0.054800
1000,ascending,insertion,0.002600
1000,ascending,merge,0.017000
1000,ascending,heap,0.041000
1000,descending,insertion,0.207200
1000,descending,merge,0.014000
1000,descending,heap,0.033400
5000,random,insertion,2.844000
5000,random,merge,0.359200
5000,random,heap,0.374400
5000,ascending,insertion,0.008600
5000,ascending,merge,0.075800
5000,ascending,heap,0.232400
5000,descending,insertion,4.765400
5000,descending,merge,0.092400
5000,descending,heap,0.242000
10000,random,insertion,9.912400
10000,random,merge,0.681600
10000,random,heap,0.690400
10000,ascending,insertion,0.022000
10000,ascending,merge,0.187800
10000,ascending,heap,0.486600
10000,descending,insertion,21.006400
10000,descending,merge,0.228600
10000,descending,heap,0.545800
